0,127.0.0.1,2018-05-04 06:04:02
0,127.0.0.1,2018-05-04 09:10:19
0,127.0.0.1,2018-05-04 10:59:38
0,127.0.0.1,2018-05-04 11:00:17
0,127.0.0.1,2018-05-05 11:48:52
0,127.0.0.1,2018-05-06 06:04:24
0,127.0.0.1,2018-05-06 19:54:51
0,127.0.0.1,2018-05-07 04:27:45
0,127.0.0.1,2018-05-07 11:17:25
0,127.0.0.1,2018-05-07 11:18:59
0,127.0.0.1,2018-05-07 15:58:13
0,127.0.0.1,2018-05-08 12:10:24
0,127.0.0.1,2018-05-09 12:17:09
0,127.0.0.1,2018-05-26 04:18:14
0,127.0.0.1,2018-05-26 04:45:46
0,127.0.0.1,2018-05-26 05:10:55
0,127.0.0.1,2018-05-26 06:57:11
0,127.0.0.1,2018-05-26 07:00:47
0,127.0.0.1,2018-05-27 04:58:03
0,127.0.0.1,2018-05-27 09:59:08
0,127.0.0.1,2018-05-28 05:47:10
0,127.0.0.1,2018-05-28 09:03:51
0,127.0.0.1,2018-05-28 10:22:14
0,127.0.0.1,2018-05-28 10:46:54
0,127.0.0.1,2018-05-28 12:23:58
0,127.0.0.1,2018-05-28 13:32:40
0,127.0.0.1,2018-05-28 13:34:14
0,127.0.0.1,2018-05-28 14:18:39
0,127.0.0.1,2018-05-29 09:18:37
0,127.0.0.1,2018-05-29 16:24:48
0,127.0.0.1,2018-05-30 08:46:36
0,127.0.0.1,2018-05-30 09:22:56
0,127.0.0.1,2018-05-31 08:32:57
0,127.0.0.1,2018-05-31 10:13:29
0,127.0.0.1,2018-06-01 13:56:40
0,127.0.0.1,2018-06-04 10:37:11
